candidate_id,params,OOS_Expectancy,OOS_Sharpe,OOS_MaxDrawdown,OOS_TradeCount,OOS_CAGR,FoldCount,PctPositiveFolds,ExpectancyStdByFold,SharpeStdByFold,InstabilityPenalty,DrawdownPenaltyAbs,robust_score,combined_equity,combined_returns,combined_drawdown,lookback,velocity_lookback,velocity_threshold,confirmation_bars,vol_compression_max_pct,breakout_strength_atr_mult,retest_entry_mode,trailing_stop_atr_mult,max_holding_bars,vol_exit_pct_rank_threshold,partial_take_profit_rr,partial_take_profit_size,winner_extension_enabled,extension_trigger_atr_multiple,extension_stop_multiplier,extension_max_holding_bars,min_bars_between_trades,dynamic_cooldown_by_vol,high_vol_cooldown_mult,expansion_lookback,expansion_threshold,vol_contraction_exit_mult,vol_contraction_window,oos_expectancy,pre_robust_score,neighborhood_expectancy_mean,neighborhood_expectancy_std,neighborhood_base_score_mean,parameter_isolation_penalty,plateau_bonus,neighbor_count,robustness_score,robustness_rank,expectancy_rank,section,rank
13,"{'lookback': np.int64(30), 'velocity_lookback': np.int64(4), 'velocity_threshold': np.float64(1.0), 'confirmation_bars': np.int64(3), 'vol_compression_max_pct': np.float64(0.5), 'breakout_strength_atr_mult': np.float64(0.3), 'retest_entry_mode': np.False_, 'trailing_stop_atr_mult': np.float64(1.8), 'max_holding_bars': np.int64(72), 'vol_exit_pct_rank_threshold': np.float64(0.22), 'partial_take_profit_rr': np.float64(1.0), 'partial_take_profit_size': np.float64(0.25), 'winner_extension_enabled': np.False_, 'extension_trigger_atr_multiple': np.float64(2.5), 'extension_stop_multiplier': np.float64(2.4), 'extension_max_holding_bars': np.int64(160), 'min_bars_between_trades': np.int64(24), 'dynamic_cooldown_by_vol': np.True_, 'high_vol_cooldown_mult': np.float64(1.2), 'expansion_lookback': np.int64(12), 'expansion_threshold': np.float64(1.02), 'vol_contraction_exit_mult': np.float64(0.8), 'vol_contraction_window': np.int64(20)}",0.0017007476773515738,1.1994828050640107,-0.0021569261154581465,5.0,0.00477887232798091,15,0.26666666666666666,0.0011642554220669722,1.875230205225583,0.4699718067284627,0.0021569261154581465,1.9142697228559835,"2020-04-05 16:00:00+00:00    100000.000000
2020-04-05 17:00:00+00:00    100000.000000
2020-04-05 18:00:00+00:00    100000.000000
2020-04-05 19:00:00+00:00    100000.000000
2020-04-05 20:00:00+00:00    100000.000000
                                 ...      
2021-02-11 23:00:00+00:00    100592.957643
2021-02-12 00:00:00+00:00    100592.957643
2021-02-12 01:00:00+00:00    100592.957643
2021-02-12 02:00:00+00:00    100592.957643
2021-02-12 03:00:00+00:00    100592.957643
Name: returns, Length: 7500, dtype: float64","2020-04-05 16:00:00+00:00    0.0
2020-04-05 17:00:00+00:00    0.0
2020-04-05 18:00:00+00:00    0.0
2020-04-05 19:00:00+00:00   -0.0
2020-04-05 20:00:00+00:00   -0.0
                            ... 
2021-02-11 23:00:00+00:00   -0.0
2021-02-12 00:00:00+00:00    0.0
2021-02-12 01:00:00+00:00   -0.0
2021-02-12 02:00:00+00:00    0.0
2021-02-12 03:00:00+00:00   -0.0
Name: returns, Length: 7500, dtype: float64","2020-04-05 16:00:00+00:00    0.00000
2020-04-05 17:00:00+00:00    0.00000
2020-04-05 18:00:00+00:00    0.00000
2020-04-05 19:00:00+00:00    0.00000
2020-04-05 20:00:00+00:00    0.00000
                              ...   
2021-02-11 23:00:00+00:00   -0.00163
2021-02-12 00:00:00+00:00   -0.00163
2021-02-12 01:00:00+00:00   -0.00163
2021-02-12 02:00:00+00:00   -0.00163
2021-02-12 03:00:00+00:00   -0.00163
Name: returns, Length: 7500, dtype: float64",30,4,1.0,3,0.5,0.3,False,1.8,72,0.22,1.0,0.25,False,2.5,2.4,160,24,True,1.2,12,1.02,0.8,20,0.0017007476773515738,1.9142697228559835,0.0006305957588465487,0.0006729714141161303,0.3052884254582298,10.701519185050252,1.2586719825945094,5,-4.020313330447355,38.0,1.0,candidate,1
1,"{'lookback': np.int64(24), 'velocity_lookback': np.int64(6), 'velocity_threshold': np.float64(0.8), 'confirmation_bars': np.int64(3), 'vol_compression_max_pct': np.float64(0.5), 'breakout_strength_atr_mult': np.float64(0.3), 'retest_entry_mode': np.False_, 'trailing_stop_atr_mult': np.float64(2.2), 'max_holding_bars': np.int64(72), 'vol_exit_pct_rank_threshold': np.float64(0.22), 'partial_take_profit_rr': np.float64(1.0), 'partial_take_profit_size': np.float64(0.25), 'winner_extension_enabled': np.False_, 'extension_trigger_atr_multiple': np.float64(2.0), 'extension_stop_multiplier': np.float64(3.0), 'extension_max_holding_bars': np.int64(120), 'min_bars_between_trades': np.int64(30), 'dynamic_cooldown_by_vol': np.True_, 'high_vol_cooldown_mult': np.float64(1.2), 'expansion_lookback': np.int64(12), 'expansion_threshold': np.float64(1.1), 'vol_contraction_exit_mult': np.float64(0.8), 'vol_contraction_window': np.int64(20)}",0.001654470496981339,1.1965404888823392,-0.0034529180984117502,6.0,0.005736257622670049,15,0.3333333333333333,0.0015118159441176425,2.1783075653216466,0.5460887072745293,0.0034529180984117502,1.8387006075286165,"2020-04-05 16:00:00+00:00    100000.000000
2020-04-05 17:00:00+00:00    100000.000000
2020-04-05 18:00:00+00:00    100000.000000
2020-04-05 19:00:00+00:00    100000.000000
2020-04-05 20:00:00+00:00    100000.000000
                                 ...      
2021-02-11 23:00:00+00:00    100711.830576
2021-02-12 00:00:00+00:00    100711.830576
2021-02-12 01:00:00+00:00    100711.830576
2021-02-12 02:00:00+00:00    100711.830576
2021-02-12 03:00:00+00:00    100711.830576
Name: returns, Length: 7500, dtype: float64","2020-04-05 16:00:00+00:00    0.0
2020-04-05 17:00:00+00:00    0.0
2020-04-05 18:00:00+00:00    0.0
2020-04-05 19:00:00+00:00   -0.0
2020-04-05 20:00:00+00:00   -0.0
                            ... 
2021-02-11 23:00:00+00:00   -0.0
2021-02-12 00:00:00+00:00    0.0
2021-02-12 01:00:00+00:00   -0.0
2021-02-12 02:00:00+00:00    0.0
2021-02-12 03:00:00+00:00   -0.0
Name: returns, Length: 7500, dtype: float64","2020-04-05 16:00:00+00:00    0.000000
2020-04-05 17:00:00+00:00    0.000000
2020-04-05 18:00:00+00:00    0.000000
2020-04-05 19:00:00+00:00    0.000000
2020-04-05 20:00:00+00:00    0.000000
                               ...   
2021-02-11 23:00:00+00:00   -0.002931
2021-02-12 00:00:00+00:00   -0.002931
2021-02-12 01:00:00+00:00   -0.002931
2021-02-12 02:00:00+00:00   -0.002931
2021-02-12 03:00:00+00:00   -0.002931
Name: returns, Length: 7500, dtype: float64",24,6,0.8,3,0.5,0.3,False,2.2,72,0.22,1.0,0.25,False,2.0,3.0,120,30,True,1.2,12,1.1,0.8,20,0.001654470496981339,1.8387006075286165,0.0004204435806724428,0.0006779774133742085,-0.0064046862046502895,12.340269163088962,-0.8803947935821359,5,-5.874559771009205,40.0,2.0,candidate,2
7,"{'lookback': np.int64(30), 'velocity_lookback': np.int64(4), 'velocity_threshold': np.float64(1.0), 'confirmation_bars': np.int64(2), 'vol_compression_max_pct': np.float64(0.5), 'breakout_strength_atr_mult': np.float64(0.4), 'retest_entry_mode': np.False_, 'trailing_stop_atr_mult': np.float64(1.4), 'max_holding_bars': np.int64(96), 'vol_exit_pct_rank_threshold': np.float64(0.15), 'partial_take_profit_rr': np.float64(1.6), 'partial_take_profit_size': np.float64(0.25), 'winner_extension_enabled': np.True_, 'extension_trigger_atr_multiple': np.float64(1.8), 'extension_stop_multiplier': np.float64(2.4), 'extension_max_holding_bars': np.int64(160), 'min_bars_between_trades': np.int64(20), 'dynamic_cooldown_by_vol': np.True_, 'high_vol_cooldown_mult': np.float64(1.5), 'expansion_lookback': np.int64(12), 'expansion_threshold': np.float64(1.1), 'vol_contraction_exit_mult': np.float64(0.8), 'vol_contraction_window': np.int64(20)}",0.0013447825709561071,0.8460706206577253,-0.0055183954312302275,10.0,0.005789192219735728,15,0.4,0.0014274289002612598,1.7354486806728582,0.4352895990684758,0.0055183954312302275,1.4886967378827654,"2020-04-05 16:00:00+00:00    100000.000000
2020-04-05 17:00:00+00:00    100000.000000
2020-04-05 18:00:00+00:00    100000.000000
2020-04-05 19:00:00+00:00    100000.000000
2020-04-05 20:00:00+00:00    100000.000000
                                 ...      
2021-02-11 23:00:00+00:00    100718.403948
2021-02-12 00:00:00+00:00    100718.403948
2021-02-12 01:00:00+00:00    100718.403948
2021-02-12 02:00:00+00:00    100718.403948
2021-02-12 03:00:00+00:00    100718.403948
Name: returns, Length: 7500, dtype: float64","2020-04-05 16:00:00+00:00    0.0
2020-04-05 17:00:00+00:00    0.0
2020-04-05 18:00:00+00:00    0.0
2020-04-05 19:00:00+00:00   -0.0
2020-04-05 20:00:00+00:00   -0.0
                            ... 
2021-02-11 23:00:00+00:00   -0.0
2021-02-12 00:00:00+00:00    0.0
2021-02-12 01:00:00+00:00   -0.0
2021-02-12 02:00:00+00:00    0.0
2021-02-12 03:00:00+00:00   -0.0
Name: returns, Length: 7500, dtype: float64","2020-04-05 16:00:00+00:00    0.000000
2020-04-05 17:00:00+00:00    0.000000
2020-04-05 18:00:00+00:00    0.000000
2020-04-05 19:00:00+00:00    0.000000
2020-04-05 20:00:00+00:00    0.000000
                               ...   
2021-02-11 23:00:00+00:00   -0.003514
2021-02-12 00:00:00+00:00   -0.003514
2021-02-12 01:00:00+00:00   -0.003514
2021-02-12 02:00:00+00:00   -0.003514
2021-02-12 03:00:00+00:00   -0.003514
Name: returns, Length: 7500, dtype: float64",30,4,1.0,2,0.5,0.4,False,1.4,96,0.15,1.6,0.25,True,1.8,2.4,160,20,True,1.5,12,1.1,0.8,20,0.0013447825709561071,1.4886967378827654,0.0005797599536639861,0.0007090391432959856,0.3537176701766394,7.650226172921211,0.47980596191996927,5,-2.880449228671476,36.0,3.0,candidate,3
22,"{'lookback': np.int64(30), 'velocity_lookback': np.int64(4), 'velocity_threshold': np.float64(0.8), 'confirmation_bars': np.int64(2), 'vol_compression_max_pct': np.float64(0.4), 'breakout_strength_atr_mult': np.float64(0.3), 'retest_entry_mode': np.False_, 'trailing_stop_atr_mult': np.float64(2.2), 'max_holding_bars': np.int64(72), 'vol_exit_pct_rank_threshold': np.float64(0.15), 'partial_take_profit_rr': np.float64(1.6), 'partial_take_profit_size': np.float64(0.5), 'winner_extension_enabled': np.False_, 'extension_trigger_atr_multiple': np.float64(1.8), 'extension_stop_multiplier': np.float64(2.4), 'extension_max_holding_bars': np.int64(160), 'min_bars_between_trades': np.int64(20), 'dynamic_cooldown_by_vol': np.True_, 'high_vol_cooldown_mult': np.float64(2.0), 'expansion_lookback': np.int64(12), 'expansion_threshold': np.float64(1.02), 'vol_contraction_exit_mult': np.float64(0.8), 'vol_contraction_window': np.int64(20)}",0.001107226548770315,1.4565433809764206,-0.004431716913473216,18.0,0.00988093297849768,15,0.5333333333333333,0.0014198302683366274,3.1090203267147403,0.7786749119470217,0.004431716913473216,1.3009483511169027,"2020-04-05 16:00:00+00:00    100000.000000
2020-04-05 17:00:00+00:00    100000.000000
2020-04-05 18:00:00+00:00    100000.000000
2020-04-05 19:00:00+00:00    100000.000000
2020-04-05 20:00:00+00:00    100000.000000
                                 ...      
2021-02-11 23:00:00+00:00    101226.763838
2021-02-12 00:00:00+00:00    101226.763838
2021-02-12 01:00:00+00:00    101226.763838
2021-02-12 02:00:00+00:00    101226.763838
2021-02-12 03:00:00+00:00    101226.763838
Name: returns, Length: 7500, dtype: float64","2020-04-05 16:00:00+00:00    0.0
2020-04-05 17:00:00+00:00    0.0
2020-04-05 18:00:00+00:00    0.0
2020-04-05 19:00:00+00:00   -0.0
2020-04-05 20:00:00+00:00   -0.0
                            ... 
2021-02-11 23:00:00+00:00   -0.0
2021-02-12 00:00:00+00:00    0.0
2021-02-12 01:00:00+00:00   -0.0
2021-02-12 02:00:00+00:00    0.0
2021-02-12 03:00:00+00:00   -0.0
Name: returns, Length: 7500, dtype: float64","2020-04-05 16:00:00+00:00    0.000000
2020-04-05 17:00:00+00:00    0.000000
2020-04-05 18:00:00+00:00    0.000000
2020-04-05 19:00:00+00:00    0.000000
2020-04-05 20:00:00+00:00    0.000000
                               ...   
2021-02-11 23:00:00+00:00   -0.002311
2021-02-12 00:00:00+00:00   -0.002311
2021-02-12 01:00:00+00:00   -0.002311
2021-02-12 02:00:00+00:00   -0.002311
2021-02-12 03:00:00+00:00   -0.002311
Name: returns, Length: 7500, dtype: float64",30,4,0.8,2,0.4,0.3,False,2.2,72,0.15,1.6,0.5,False,1.8,2.4,160,20,True,2.0,12,1.02,0.8,20,0.001107226548770315,1.3009483511169027,0.0006505565665390369,0.0006204264470031719,0.3932278839381266,4.566699822312781,1.852367312866579,5,-0.7317588001767441,22.0,5.0,candidate,4
8,"{'lookback': np.int64(30), 'velocity_lookback': np.int64(6), 'velocity_threshold': np.float64(1.0), 'confirmation_bars': np.int64(2), 'vol_compression_max_pct': np.float64(0.4), 'breakout_strength_atr_mult': np.float64(0.4), 'retest_entry_mode': np.False_, 'trailing_stop_atr_mult': np.float64(1.4), 'max_holding_bars': np.int64(72), 'vol_exit_pct_rank_threshold': np.float64(0.15), 'partial_take_profit_rr': np.float64(0.0), 'partial_take_profit_size': np.float64(0.25), 'winner_extension_enabled': np.True_, 'extension_trigger_atr_multiple': np.float64(2.5), 'extension_stop_multiplier': np.float64(3.0), 'extension_max_holding_bars': np.int64(160), 'min_bars_between_trades': np.int64(30), 'dynamic_cooldown_by_vol': np.False_, 'high_vol_cooldown_mult': np.float64(2.0), 'expansion_lookback': np.int64(12), 'expansion_threshold': np.float64(1.1), 'vol_contraction_exit_mult': np.float64(0.8), 'vol_contraction_window': np.int64(20)}",0.0012747485510249976,0.42815857978516003,-0.005326506059658009,6.0,0.002305928565230486,15,0.2,0.0009253343221547888,1.4477759253550306,0.36286931566091246,0.005326506059658009,1.2562294524339404,"2020-04-05 16:00:00+00:00    100000.00000
2020-04-05 17:00:00+00:00    100000.00000
2020-04-05 18:00:00+00:00    100000.00000
2020-04-05 19:00:00+00:00    100000.00000
2020-04-05 20:00:00+00:00    100000.00000
                                 ...     
2021-02-11 23:00:00+00:00    100286.03255
2021-02-12 00:00:00+00:00    100286.03255
2021-02-12 01:00:00+00:00    100286.03255
2021-02-12 02:00:00+00:00    100286.03255
2021-02-12 03:00:00+00:00    100286.03255
Name: returns, Length: 7500, dtype: float64","2020-04-05 16:00:00+00:00    0.0
2020-04-05 17:00:00+00:00    0.0
2020-04-05 18:00:00+00:00    0.0
2020-04-05 19:00:00+00:00   -0.0
2020-04-05 20:00:00+00:00   -0.0
                            ... 
2021-02-11 23:00:00+00:00   -0.0
2021-02-12 00:00:00+00:00    0.0
2021-02-12 01:00:00+00:00   -0.0
2021-02-12 02:00:00+00:00    0.0
2021-02-12 03:00:00+00:00   -0.0
Name: returns, Length: 7500, dtype: float64","2020-04-05 16:00:00+00:00    0.000000
2020-04-05 17:00:00+00:00    0.000000
2020-04-05 18:00:00+00:00    0.000000
2020-04-05 19:00:00+00:00    0.000000
2020-04-05 20:00:00+00:00    0.000000
                               ...   
2021-02-11 23:00:00+00:00   -0.005327
2021-02-12 00:00:00+00:00   -0.005327
2021-02-12 01:00:00+00:00   -0.005327
2021-02-12 02:00:00+00:00   -0.005327
2021-02-12 03:00:00+00:00   -0.005327
Name: returns, Length: 7500, dtype: float64",30,6,1.0,2,0.4,0.4,False,1.4,72,0.15,0.0,0.25,True,2.5,3.0,160,30,False,2.0,12,1.1,0.8,20,0.0012747485510249976,1.2562294524339404,0.0003743982193936402,0.0005238869208137491,0.0680725525276141,9.003503316313575,-0.1851697121667164,5,-4.200471053733413,39.0,4.0,candidate,5
15,"{'lookback': np.int64(20), 'velocity_lookback': np.int64(8), 'velocity_threshold': np.float64(0.8), 'confirmation_bars': np.int64(3), 'vol_compression_max_pct': np.float64(0.4), 'breakout_strength_atr_mult': np.float64(0.15), 'retest_entry_mode': np.False_, 'trailing_stop_atr_mult': np.float64(1.8), 'max_holding_bars': np.int64(48), 'vol_exit_pct_rank_threshold': np.float64(0.15), 'partial_take_profit_rr': np.float64(1.3), 'partial_take_profit_size': np.float64(0.5), 'winner_extension_enabled': np.False_, 'extension_trigger_atr_multiple': np.float64(1.8), 'extension_stop_multiplier': np.float64(1.8), 'extension_max_holding_bars': np.int64(160), 'min_bars_between_trades': np.int64(30), 'dynamic_cooldown_by_vol': np.True_, 'high_vol_cooldown_mult': np.float64(2.0), 'expansion_lookback': np.int64(12), 'expansion_threshold': np.float64(1.1), 'vol_contraction_exit_mult': np.float64(0.8), 'vol_contraction_window': np.int64(20)}",0.0008723819828208422,0.8119371152855224,-0.0037878906868373807,11.0,0.0038698278607878223,15,0.3333333333333333,0.0011372639372600035,2.611119825042281,0.6539172201978303,0.0037878906868373807,0.8566338596784022,"2020-04-05 16:00:00+00:00    100000.000000
2020-04-05 17:00:00+00:00    100000.000000
2020-04-05 18:00:00+00:00    100000.000000
2020-04-05 19:00:00+00:00    100000.000000
2020-04-05 20:00:00+00:00    100000.000000
                                 ...      
2021-02-11 23:00:00+00:00    100480.112074
2021-02-12 00:00:00+00:00    100480.112074
2021-02-12 01:00:00+00:00    100480.112074
2021-02-12 02:00:00+00:00    100480.112074
2021-02-12 03:00:00+00:00    100480.112074
Name: returns, Length: 7500, dtype: float64","2020-04-05 16:00:00+00:00    0.0
2020-04-05 17:00:00+00:00    0.0
2020-04-05 18:00:00+00:00    0.0
2020-04-05 19:00:00+00:00   -0.0
2020-04-05 20:00:00+00:00   -0.0
                            ... 
2021-02-11 23:00:00+00:00   -0.0
2021-02-12 00:00:00+00:00    0.0
2021-02-12 01:00:00+00:00   -0.0
2021-02-12 02:00:00+00:00    0.0
2021-02-12 03:00:00+00:00   -0.0
Name: returns, Length: 7500, dtype: float64","2020-04-05 16:00:00+00:00    0.000000
2020-04-05 17:00:00+00:00    0.000000
2020-04-05 18:00:00+00:00    0.000000
2020-04-05 19:00:00+00:00    0.000000
2020-04-05 20:00:00+00:00    0.000000
                               ...   
2021-02-11 23:00:00+00:00   -0.002556
2021-02-12 00:00:00+00:00   -0.002556
2021-02-12 01:00:00+00:00   -0.002556
2021-02-12 02:00:00+00:00   -0.002556
2021-02-12 03:00:00+00:00   -0.002556
Name: returns, Length: 7500, dtype: float64",20,8,0.8,3,0.4,0.15,False,1.8,48,0.15,1.3,0.5,False,1.8,1.8,160,30,True,2.0,12,1.1,0.8,20,0.0008723819828208422,0.8566338596784022,0.0008216017270633418,0.0004992537680971461,0.698284278352363,0.507802557575004,4.471614009904822,5,2.2217598703529413,1.0,6.0,candidate,6
25,"{'lookback': np.int64(18), 'velocity_lookback': np.int64(6), 'velocity_threshold': np.float64(1.4), 'confirmation_bars': np.int64(3), 'vol_compression_max_pct': np.float64(0.3), 'breakout_strength_atr_mult': np.float64(0.22), 'retest_entry_mode': np.True_, 'trailing_stop_atr_mult': np.float64(1.4), 'max_holding_bars': np.int64(48), 'vol_exit_pct_rank_threshold': np.float64(0.15), 'partial_take_profit_rr': np.float64(1.6), 'partial_take_profit_size': np.float64(0.5), 'winner_extension_enabled': np.True_, 'extension_trigger_atr_multiple': np.float64(2.5), 'extension_stop_multiplier': np.float64(3.0), 'extension_max_holding_bars': np.int64(120), 'min_bars_between_trades': np.int64(30), 'dynamic_cooldown_by_vol': np.False_, 'high_vol_cooldown_mult': np.float64(1.5), 'expansion_lookback': np.int64(12), 'expansion_threshold': np.float64(1.1), 'vol_contraction_exit_mult': np.float64(0.8), 'vol_contraction_window': np.int64(20)}",0.0007795772958472567,0.31053158673548087,-0.003495178615640415,5.0,0.0011378883137302953,15,0.2,0.0005975866681199447,1.3952614185563392,0.34941294130720474,0.003495178615640415,0.7316252291890712,"2020-04-05 16:00:00+00:00    100000.00000
2020-04-05 17:00:00+00:00    100000.00000
2020-04-05 18:00:00+00:00    100000.00000
2020-04-05 19:00:00+00:00    100000.00000
2020-04-05 20:00:00+00:00    100000.00000
                                 ...     
2021-02-11 23:00:00+00:00    100141.12645
2021-02-12 00:00:00+00:00    100141.12645
2021-02-12 01:00:00+00:00    100141.12645
2021-02-12 02:00:00+00:00    100141.12645
2021-02-12 03:00:00+00:00    100141.12645
Name: returns, Length: 7500, dtype: float64","2020-04-05 16:00:00+00:00    0.0
2020-04-05 17:00:00+00:00    0.0
2020-04-05 18:00:00+00:00    0.0
2020-04-05 19:00:00+00:00   -0.0
2020-04-05 20:00:00+00:00   -0.0
                            ... 
2021-02-11 23:00:00+00:00   -0.0
2021-02-12 00:00:00+00:00    0.0
2021-02-12 01:00:00+00:00   -0.0
2021-02-12 02:00:00+00:00    0.0
2021-02-12 03:00:00+00:00   -0.0
Name: returns, Length: 7500, dtype: float64","2020-04-05 16:00:00+00:00    0.000000
2020-04-05 17:00:00+00:00    0.000000
2020-04-05 18:00:00+00:00    0.000000
2020-04-05 19:00:00+00:00    0.000000
2020-04-05 20:00:00+00:00    0.000000
                               ...   
2021-02-11 23:00:00+00:00   -0.002916
2021-02-12 00:00:00+00:00   -0.002916
2021-02-12 01:00:00+00:00   -0.002916
2021-02-12 02:00:00+00:00   -0.002916
2021-02-12 03:00:00+00:00   -0.002916
Name: returns, Length: 7500, dtype: float64",18,6,1.4,3,0.3,0.22,True,1.4,48,0.15,1.6,0.5,True,2.5,3.0,120,30,False,1.5,12,1.1,0.8,20,0.0007795772958472567,0.7316252291890712,0.00016373304378758963,0.000295618252271753,-0.13118168671149397,6.158442520596671,-0.579806454162251,5,-3.186049795132443,37.0,7.0,candidate,7
16,"{'lookback': np.int64(20), 'velocity_lookback': np.int64(4), 'velocity_threshold': np.float64(1.2), 'confirmation_bars': np.int64(3), 'vol_compression_max_pct': np.float64(0.5), 'breakout_strength_atr_mult': np.float64(0.15), 'retest_entry_mode': np.False_, 'trailing_stop_atr_mult': np.float64(1.4), 'max_holding_bars': np.int64(48), 'vol_exit_pct_rank_threshold': np.float64(0.22), 'partial_take_profit_rr': np.float64(1.3), 'partial_take_profit_size': np.float64(0.35), 'winner_extension_enabled': np.False_, 'extension_trigger_atr_multiple': np.float64(2.5), 'extension_stop_multiplier': np.float64(2.4), 'extension_max_holding_bars': np.int64(240), 'min_bars_between_trades': np.int64(30), 'dynamic_cooldown_by_vol': np.False_, 'high_vol_cooldown_mult': np.float64(1.2), 'expansion_lookback': np.int64(12), 'expansion_threshold': np.float64(1.1), 'vol_contraction_exit_mult': np.float64(0.8), 'vol_contraction_window': np.int64(20)}",0.0006158401553923153,0.753163058555973,-0.004937278355681585,14.0,0.003538858603312711,15,0.4,0.001358024987338082,2.665737062763483,0.6677922906782088,0.004937278355681585,0.5888972947686174,"2020-04-05 16:00:00+00:00    100000.00000
2020-04-05 17:00:00+00:00    100000.00000
2020-04-05 18:00:00+00:00    100000.00000
2020-04-05 19:00:00+00:00    100000.00000
2020-04-05 20:00:00+00:00    100000.00000
                                 ...     
2021-02-11 23:00:00+00:00    100439.03281
2021-02-12 00:00:00+00:00    100439.03281
2021-02-12 01:00:00+00:00    100439.03281
2021-02-12 02:00:00+00:00    100439.03281
2021-02-12 03:00:00+00:00    100439.03281
Name: returns, Length: 7500, dtype: float64","2020-04-05 16:00:00+00:00    0.0
2020-04-05 17:00:00+00:00    0.0
2020-04-05 18:00:00+00:00    0.0
2020-04-05 19:00:00+00:00   -0.0
2020-04-05 20:00:00+00:00   -0.0
                            ... 
2021-02-11 23:00:00+00:00   -0.0
2021-02-12 00:00:00+00:00    0.0
2021-02-12 01:00:00+00:00   -0.0
2021-02-12 02:00:00+00:00    0.0
2021-02-12 03:00:00+00:00   -0.0
Name: returns, Length: 7500, dtype: float64","2020-04-05 16:00:00+00:00    0.000000
2020-04-05 17:00:00+00:00    0.000000
2020-04-05 18:00:00+00:00    0.000000
2020-04-05 19:00:00+00:00    0.000000
2020-04-05 20:00:00+00:00    0.000000
                               ...   
2021-02-11 23:00:00+00:00   -0.004779
2021-02-12 00:00:00+00:00   -0.004779
2021-02-12 01:00:00+00:00   -0.004779
2021-02-12 02:00:00+00:00   -0.004779
2021-02-12 03:00:00+00:00   -0.004779
Name: returns, Length: 7500, dtype: float64",20,4,1.2,3,0.5,0.15,False,1.4,48,0.22,1.3,0.35,False,2.5,2.4,240,30,False,1.2,12,1.1,0.8,20,0.0006158401553923153,0.5888972947686174,0.0006144916597718419,0.000575231241378977,0.44931028702384285,0.013484956204734555,1.8306822873760922,5,1.2889416646809853,5.0,10.0,candidate,8
24,"{'lookback': np.int64(20), 'velocity_lookback': np.int64(8), 'velocity_threshold': np.float64(1.0), 'confirmation_bars': np.int64(3), 'vol_compression_max_pct': np.float64(0.4), 'breakout_strength_atr_mult': np.float64(0.15), 'retest_entry_mode': np.False_, 'trailing_stop_atr_mult': np.float64(1.8), 'max_holding_bars': np.int64(96), 'vol_exit_pct_rank_threshold': np.float64(0.22), 'partial_take_profit_rr': np.float64(1.6), 'partial_take_profit_size': np.float64(0.5), 'winner_extension_enabled': np.True_, 'extension_trigger_atr_multiple': np.float64(2.0), 'extension_stop_multiplier': np.float64(1.8), 'extension_max_holding_bars': np.int64(160), 'min_bars_between_trades': np.int64(20), 'dynamic_cooldown_by_vol': np.False_, 'high_vol_cooldown_mult': np.float64(2.0), 'expansion_lookback': np.int64(12), 'expansion_threshold': np.float64(1.02), 'vol_contraction_exit_mult': np.float64(0.8), 'vol_contraction_window': np.int64(20)}",0.000631675308066117,0.8317166705968325,-0.0041568987757516496,11.0,0.003478124784860981,15,0.26666666666666666,0.0012696785079234006,2.953991591028608,0.7397675762650754,0.0041568987757516496,0.5506017994644599,"2020-04-05 16:00:00+00:00    100000.000000
2020-04-05 17:00:00+00:00    100000.000000
2020-04-05 18:00:00+00:00    100000.000000
2020-04-05 19:00:00+00:00    100000.000000
2020-04-05 20:00:00+00:00    100000.000000
                                 ...      
2021-02-11 23:00:00+00:00    100431.494999
2021-02-12 00:00:00+00:00    100431.494999
2021-02-12 01:00:00+00:00    100431.494999
2021-02-12 02:00:00+00:00    100431.494999
2021-02-12 03:00:00+00:00    100431.494999
Name: returns, Length: 7500, dtype: float64","2020-04-05 16:00:00+00:00    0.0
2020-04-05 17:00:00+00:00    0.0
2020-04-05 18:00:00+00:00    0.0
2020-04-05 19:00:00+00:00   -0.0
2020-04-05 20:00:00+00:00   -0.0
                            ... 
2021-02-11 23:00:00+00:00   -0.0
2021-02-12 00:00:00+00:00    0.0
2021-02-12 01:00:00+00:00   -0.0
2021-02-12 02:00:00+00:00    0.0
2021-02-12 03:00:00+00:00   -0.0
Name: returns, Length: 7500, dtype: float64","2020-04-05 16:00:00+00:00    0.000000
2020-04-05 17:00:00+00:00    0.000000
2020-04-05 18:00:00+00:00    0.000000
2020-04-05 19:00:00+00:00    0.000000
2020-04-05 20:00:00+00:00    0.000000
                               ...   
2021-02-11 23:00:00+00:00   -0.002448
2021-02-12 00:00:00+00:00   -0.002448
2021-02-12 01:00:00+00:00   -0.002448
2021-02-12 02:00:00+00:00   -0.002448
2021-02-12 03:00:00+00:00   -0.002448
Name: returns, Length: 7500, dtype: float64",20,8,1.0,3,0.4,0.15,False,1.8,96,0.22,1.6,0.5,True,2.0,1.8,160,20,False,2.0,12,1.02,0.8,20,0.000631675308066117,0.5506017994644599,0.00024493549480302874,0.0002637465234425251,-0.3509395240193589,3.8673981326308833,0.4712560222113491,5,-1.6575384009430016,31.0,9.0,candidate,9
12,"{'lookback': np.int64(18), 'velocity_lookback': np.int64(6), 'velocity_threshold': np.float64(0.8), 'confirmation_bars': np.int64(2), 'vol_compression_max_pct': np.float64(0.4), 'breakout_strength_atr_mult': np.float64(0.15), 'retest_entry_mode': np.True_, 'trailing_stop_atr_mult': np.float64(1.8), 'max_holding_bars': np.int64(96), 'vol_exit_pct_rank_threshold': np.float64(0.15), 'partial_take_profit_rr': np.float64(0.0), 'partial_take_profit_size': np.float64(0.35), 'winner_extension_enabled': np.False_, 'extension_trigger_atr_multiple': np.float64(1.8), 'extension_stop_multiplier': np.float64(2.4), 'extension_max_holding_bars': np.int64(120), 'min_bars_between_trades': np.int64(30), 'dynamic_cooldown_by_vol': np.False_, 'high_vol_cooldown_mult': np.float64(1.2), 'expansion_lookback': np.int64(12), 'expansion_threshold': np.float64(1.1), 'vol_contraction_exit_mult': np.float64(0.8), 'vol_contraction_window': np.int64(20)}",0.0006905506118109949,0.12338941622436629,-0.007769202604470116,38.0,0.0012714674927112313,15,0.6,0.0011194811367509997,2.9712913675835497,0.7439423230326384,0.007769202604470116,0.45183310846099994,"2020-04-05 16:00:00+00:00    100000.000000
2020-04-05 17:00:00+00:00    100000.000000
2020-04-05 18:00:00+00:00    100000.000000
2020-04-05 19:00:00+00:00    100000.000000
2020-04-05 20:00:00+00:00    100000.000000
                                 ...      
2021-02-11 23:00:00+00:00    100157.696117
2021-02-12 00:00:00+00:00    100157.696117
2021-02-12 01:00:00+00:00    100157.696117
2021-02-12 02:00:00+00:00    100157.696117
2021-02-12 03:00:00+00:00    100157.696117
Name: returns, Length: 7500, dtype: float64","2020-04-05 16:00:00+00:00    0.0
2020-04-05 17:00:00+00:00    0.0
2020-04-05 18:00:00+00:00    0.0
2020-04-05 19:00:00+00:00   -0.0
2020-04-05 20:00:00+00:00   -0.0
                            ... 
2021-02-11 23:00:00+00:00   -0.0
2021-02-12 00:00:00+00:00    0.0
2021-02-12 01:00:00+00:00   -0.0
2021-02-12 02:00:00+00:00    0.0
2021-02-12 03:00:00+00:00   -0.0
Name: returns, Length: 7500, dtype: float64","2020-04-05 16:00:00+00:00    0.000000
2020-04-05 17:00:00+00:00    0.000000
2020-04-05 18:00:00+00:00    0.000000
2020-04-05 19:00:00+00:00    0.000000
2020-04-05 20:00:00+00:00    0.000000
                               ...   
2021-02-11 23:00:00+00:00   -0.007769
2021-02-12 00:00:00+00:00   -0.007769
2021-02-12 01:00:00+00:00   -0.007769
2021-02-12 02:00:00+00:00   -0.007769
2021-02-12 03:00:00+00:00   -0.007769
Name: returns, Length: 7500, dtype: float64",18,6,0.8,2,0.4,0.15,True,1.8,96,0.15,0.0,0.35,False,1.8,2.4,120,30,False,1.2,12,1.1,0.8,20,0.0006905506118109949,0.45183310846099994,0.0004743541190772433,0.0006176243569254472,0.08774521375320124,2.1619649273375163,0.11135851383157913,5,-0.793208586037477,24.0,8.0,candidate,10
36,"{'lookback': np.int64(18), 'velocity_lookback': np.int64(8), 'velocity_threshold': np.float64(1.4), 'confirmation_bars': np.int64(1), 'vol_compression_max_pct': np.float64(0.5), 'breakout_strength_atr_mult': np.float64(0.15), 'retest_entry_mode': np.True_, 'trailing_stop_atr_mult': np.float64(1.4), 'max_holding_bars': np.int64(72), 'vol_exit_pct_rank_threshold': np.float64(0.22), 'partial_take_profit_rr': np.float64(1.3), 'partial_take_profit_size': np.float64(0.35), 'winner_extension_enabled': np.True_, 'extension_trigger_atr_multiple': np.float64(2.5), 'extension_stop_multiplier': np.float64(1.8), 'extension_max_holding_bars': np.int64(240), 'min_bars_between_trades': np.int64(30), 'dynamic_cooldown_by_vol': np.False_, 'high_vol_cooldown_mult': np.float64(2.0), 'expansion_lookback': np.int64(12), 'expansion_threshold': np.float64(1.1), 'vol_contraction_exit_mult': np.float64(0.8), 'vol_contraction_window': np.int64(20)}",0.0004960347435279276,0.7480840218729458,-0.009702381042152708,75.0,0.007932264969339853,15,0.7333333333333333,0.0007806663340931434,3.931957504954594,0.9837700425727416,0.009702381042152708,0.36819736355550814,"2020-04-05 16:00:00+00:00    100000.000000
2020-04-05 17:00:00+00:00    100000.000000
2020-04-05 18:00:00+00:00    100000.000000
2020-04-05 19:00:00+00:00    100000.000000
2020-04-05 20:00:00+00:00    100000.000000
                                 ...      
2021-02-11 23:00:00+00:00    100984.598567
2021-02-12 00:00:00+00:00    100984.598567
2021-02-12 01:00:00+00:00    100984.598567
2021-02-12 02:00:00+00:00    100984.598567
2021-02-12 03:00:00+00:00    100984.598567
Name: returns, Length: 7500, dtype: float64","2020-04-05 16:00:00+00:00    0.0
2020-04-05 17:00:00+00:00    0.0
2020-04-05 18:00:00+00:00    0.0
2020-04-05 19:00:00+00:00   -0.0
2020-04-05 20:00:00+00:00   -0.0
                            ... 
2021-02-11 23:00:00+00:00   -0.0
2021-02-12 00:00:00+00:00    0.0
2021-02-12 01:00:00+00:00   -0.0
2021-02-12 02:00:00+00:00    0.0
2021-02-12 03:00:00+00:00   -0.0
Name: returns, Length: 7500, dtype: float64","2020-04-05 16:00:00+00:00    0.000000
2020-04-05 17:00:00+00:00    0.000000
2020-04-05 18:00:00+00:00    0.000000
2020-04-05 19:00:00+00:00    0.000000
2020-04-05 20:00:00+00:00    0.000000
                               ...   
2021-02-11 23:00:00+00:00   -0.009619
2021-02-12 00:00:00+00:00   -0.009619
2021-02-12 01:00:00+00:00   -0.009619
2021-02-12 02:00:00+00:00   -0.009619
2021-02-12 03:00:00+00:00   -0.009619
Name: returns, Length: 7500, dtype: float64",18,8,1.4,1,0.5,0.15,True,1.4,72,0.22,1.3,0.35,True,2.5,1.8,240,30,False,2.0,12,1.1,0.8,20,0.0004960347435279276,0.36819736355550814,0.00053223084471069,0.0001713402918559347,0.26404067835560746,0.0,4.03725625818739,5,1.8208431556744358,2.0,14.0,candidate,11
37,"{'lookback': np.int64(30), 'velocity_lookback': np.int64(8), 'velocity_threshold': np.float64(1.2), 'confirmation_bars': np.int64(1), 'vol_compression_max_pct': np.float64(0.5), 'breakout_strength_atr_mult': np.float64(0.22), 'retest_entry_mode': np.True_, 'trailing_stop_atr_mult': np.float64(1.4), 'max_holding_bars': np.int64(48), 'vol_exit_pct_rank_threshold': np.float64(0.15), 'partial_take_profit_rr': np.float64(1.6), 'partial_take_profit_size': np.float64(0.25), 'winner_extension_enabled': np.False_, 'extension_trigger_atr_multiple': np.float64(2.5), 'extension_stop_multiplier': np.float64(2.4), 'extension_max_holding_bars': np.int64(160), 'min_bars_between_trades': np.int64(30), 'dynamic_cooldown_by_vol': np.False_, 'high_vol_cooldown_mult': np.float64(1.2), 'expansion_lookback': np.int64(12), 'expansion_threshold': np.float64(1.1), 'vol_contraction_exit_mult': np.float64(0.8), 'vol_contraction_window': np.int64(20)}",0.0005801448977772045,0.10063074792936232,-0.010515256515065796,59.0,0.000979326969669403,15,0.8,0.0008095501837115231,3.1952125997283933,0.7996127001158099,0.010515256515065796,0.3545675264528637,"2020-04-05 16:00:00+00:00    100000.00000
2020-04-05 17:00:00+00:00    100000.00000
2020-04-05 18:00:00+00:00    100000.00000
2020-04-05 19:00:00+00:00    100000.00000
2020-04-05 20:00:00+00:00    100000.00000
                                 ...     
2021-02-11 23:00:00+00:00    100121.45859
2021-02-12 00:00:00+00:00    100121.45859
2021-02-12 01:00:00+00:00    100121.45859
2021-02-12 02:00:00+00:00    100121.45859
2021-02-12 03:00:00+00:00    100121.45859
Name: returns, Length: 7500, dtype: float64","2020-04-05 16:00:00+00:00    0.0
2020-04-05 17:00:00+00:00    0.0
2020-04-05 18:00:00+00:00    0.0
2020-04-05 19:00:00+00:00   -0.0
2020-04-05 20:00:00+00:00   -0.0
                            ... 
2021-02-11 23:00:00+00:00   -0.0
2021-02-12 00:00:00+00:00    0.0
2021-02-12 01:00:00+00:00   -0.0
2021-02-12 02:00:00+00:00    0.0
2021-02-12 03:00:00+00:00   -0.0
Name: returns, Length: 7500, dtype: float64","2020-04-05 16:00:00+00:00    0.000000
2020-04-05 17:00:00+00:00    0.000000
2020-04-05 18:00:00+00:00    0.000000
2020-04-05 19:00:00+00:00    0.000000
2020-04-05 20:00:00+00:00    0.000000
                               ...   
2021-02-11 23:00:00+00:00   -0.010515
2021-02-12 00:00:00+00:00   -0.010515
2021-02-12 01:00:00+00:00   -0.010515
2021-02-12 02:00:00+00:00   -0.010515
2021-02-12 03:00:00+00:00   -0.010515
Name: returns, Length: 7500, dtype: float64",30,8,1.2,1,0.5,0.22,True,1.4,48,0.15,1.6,0.25,False,2.5,2.4,160,30,False,1.2,12,1.1,0.8,20,0.0005801448977772045,0.3545675264528637,0.00018744429655624973,0.00042930303797492786,-0.05998974053669439,3.927006012209547,-1.3453298192494616,5,-2.48149997869068,34.0,12.0,candidate,12
14,"{'lookback': np.int64(20), 'velocity_lookback': np.int64(6), 'velocity_threshold': np.float64(1.2), 'confirmation_bars': np.int64(2), 'vol_compression_max_pct': np.float64(0.4), 'breakout_strength_atr_mult': np.float64(0.4), 'retest_entry_mode': np.False_, 'trailing_stop_atr_mult': np.float64(1.8), 'max_holding_bars': np.int64(72), 'vol_exit_pct_rank_threshold': np.float64(0.22), 'partial_take_profit_rr': np.float64(1.6), 'partial_take_profit_size': np.float64(0.25), 'winner_extension_enabled': np.True_, 'extension_trigger_atr_multiple': np.float64(1.8), 'extension_stop_multiplier': np.float64(2.4), 'extension_max_holding_bars': np.int64(160), 'min_bars_between_trades': np.int64(30), 'dynamic_cooldown_by_vol': np.False_, 'high_vol_cooldown_mult': np.float64(1.2), 'expansion_lookback': np.int64(12), 'expansion_threshold': np.float64(1.02), 'vol_contraction_exit_mult': np.float64(0.8), 'vol_contraction_window': np.int64(20)}",0.0004481296265958161,0.23749303244342787,-0.005123770506177294,10.0,0.000981785258569401,15,0.2,0.0012650172763394548,2.6156600152749094,0.6551800210950668,0.005123770506177294,0.18789663428162134,"2020-04-05 16:00:00+00:00    100000.000000
2020-04-05 17:00:00+00:00    100000.000000
2020-04-05 18:00:00+00:00    100000.000000
2020-04-05 19:00:00+00:00    100000.000000
2020-04-05 20:00:00+00:00    100000.000000
                                 ...      
2021-02-11 23:00:00+00:00    100121.763509
2021-02-12 00:00:00+00:00    100121.763509
2021-02-12 01:00:00+00:00    100121.763509
2021-02-12 02:00:00+00:00    100121.763509
2021-02-12 03:00:00+00:00    100121.763509
Name: returns, Length: 7500, dtype: float64","2020-04-05 16:00:00+00:00    0.0
2020-04-05 17:00:00+00:00    0.0
2020-04-05 18:00:00+00:00    0.0
2020-04-05 19:00:00+00:00   -0.0
2020-04-05 20:00:00+00:00   -0.0
                            ... 
2021-02-11 23:00:00+00:00   -0.0
2021-02-12 00:00:00+00:00    0.0
2021-02-12 01:00:00+00:00   -0.0
2021-02-12 02:00:00+00:00    0.0
2021-02-12 03:00:00+00:00   -0.0
Name: returns, Length: 7500, dtype: float64","2020-04-05 16:00:00+00:00    0.000000
2020-04-05 17:00:00+00:00    0.000000
2020-04-05 18:00:00+00:00    0.000000
2020-04-05 19:00:00+00:00    0.000000
2020-04-05 20:00:00+00:00    0.000000
                               ...   
2021-02-11 23:00:00+00:00   -0.005124
2021-02-12 00:00:00+00:00   -0.005124
2021-02-12 01:00:00+00:00   -0.005124
2021-02-12 02:00:00+00:00   -0.005124
2021-02-12 03:00:00+00:00   -0.005124
Name: returns, Length: 7500, dtype: float64",20,6,1.2,2,0.4,0.4,False,1.8,72,0.22,1.6,0.25,True,1.8,2.4,160,30,False,1.2,12,1.02,0.8,20,0.0004481296265958161,0.18789663428162134,0.0001868343439299902,0.00023692157191241938,-0.3890037132571604,2.612952826658259,0.09143164995675668,5,-1.4062245412170433,30.0,15.0,candidate,13
17,"{'lookback': np.int64(24), 'velocity_lookback': np.int64(4), 'velocity_threshold': np.float64(1.2), 'confirmation_bars': np.int64(2), 'vol_compression_max_pct': np.float64(0.5), 'breakout_strength_atr_mult': np.float64(0.22), 'retest_entry_mode': np.True_, 'trailing_stop_atr_mult': np.float64(2.2), 'max_holding_bars': np.int64(48), 'vol_exit_pct_rank_threshold': np.float64(0.15), 'partial_take_profit_rr': np.float64(1.3), 'partial_take_profit_size': np.float64(0.25), 'winner_extension_enabled': np.False_, 'extension_trigger_atr_multiple': np.float64(2.0), 'extension_stop_multiplier': np.float64(3.0), 'extension_max_holding_bars': np.int64(240), 'min_bars_between_trades': np.int64(20), 'dynamic_cooldown_by_vol': np.True_, 'high_vol_cooldown_mult': np.float64(1.2), 'expansion_lookback': np.int64(12), 'expansion_threshold': np.float64(1.1), 'vol_contraction_exit_mult': np.float64(0.8), 'vol_contraction_window': np.int64(20)}",0.0006142104246941614,0.00715781423362017,-0.012526725308875775,32.0,2.2664671578409568e-05,15,0.5333333333333333,0.0014880010460494627,3.8462411051167176,0.9630482773252289,0.012526725308875775,0.17383324266303946,"2020-04-05 16:00:00+00:00    100000.000000
2020-04-05 17:00:00+00:00    100000.000000
2020-04-05 18:00:00+00:00    100000.000000
2020-04-05 19:00:00+00:00    100000.000000
2020-04-05 20:00:00+00:00    100000.000000
                                 ...      
2021-02-11 23:00:00+00:00    100002.810607
2021-02-12 00:00:00+00:00    100002.810607
2021-02-12 01:00:00+00:00    100002.810607
2021-02-12 02:00:00+00:00    100002.810607
2021-02-12 03:00:00+00:00    100002.810607
Name: returns, Length: 7500, dtype: float64","2020-04-05 16:00:00+00:00    0.0
2020-04-05 17:00:00+00:00    0.0
2020-04-05 18:00:00+00:00    0.0
2020-04-05 19:00:00+00:00   -0.0
2020-04-05 20:00:00+00:00   -0.0
                            ... 
2021-02-11 23:00:00+00:00   -0.0
2021-02-12 00:00:00+00:00    0.0
2021-02-12 01:00:00+00:00   -0.0
2021-02-12 02:00:00+00:00    0.0
2021-02-12 03:00:00+00:00   -0.0
Name: returns, Length: 7500, dtype: float64","2020-04-05 16:00:00+00:00    0.000000
2020-04-05 17:00:00+00:00    0.000000
2020-04-05 18:00:00+00:00    0.000000
2020-04-05 19:00:00+00:00    0.000000
2020-04-05 20:00:00+00:00    0.000000
                               ...   
2021-02-11 23:00:00+00:00   -0.008343
2021-02-12 00:00:00+00:00   -0.008343
2021-02-12 01:00:00+00:00   -0.008343
2021-02-12 02:00:00+00:00   -0.008343
2021-02-12 03:00:00+00:00   -0.008343
Name: returns, Length: 7500, dtype: float64",24,4,1.2,2,0.5,0.22,True,2.2,48,0.15,1.3,0.25,False,2.0,3.0,240,20,True,1.2,12,1.1,0.8,20,0.0006142104246941614,0.17383324266303946,0.0006361129516387837,0.0009031599637976458,0.4991853938754005,0.0,-0.41257021209450606,5,0.10431147751127241,11.0,11.0,candidate,14
6,"{'lookback': np.int64(20), 'velocity_lookback': np.int64(8), 'velocity_threshold': np.float64(1.2), 'confirmation_bars': np.int64(2), 'vol_compression_max_pct': np.float64(0.5), 'breakout_strength_atr_mult': np.float64(0.3), 'retest_entry_mode': np.False_, 'trailing_stop_atr_mult': np.float64(2.2), 'max_holding_bars': np.int64(72), 'vol_exit_pct_rank_threshold': np.float64(0.22), 'partial_take_profit_rr': np.float64(1.3), 'partial_take_profit_size': np.float64(0.35), 'winner_extension_enabled': np.False_, 'extension_trigger_atr_multiple': np.float64(2.0), 'extension_stop_multiplier': np.float64(3.0), 'extension_max_holding_bars': np.int64(120), 'min_bars_between_trades': np.int64(24), 'dynamic_cooldown_by_vol': np.False_, 'high_vol_cooldown_mult': np.float64(1.5), 'expansion_lookback': np.int64(12), 'expansion_threshold': np.float64(1.02), 'vol_contraction_exit_mult': np.float64(0.8), 'vol_contraction_window': np.int64(20)}",0.0005160909253311083,0.30619686412938074,-0.00804410182458093,28.0,0.0021470075394698362,15,0.4,0.001562948868501401,3.949576021506809,0.9889569542452037,0.00804410182458093,0.13379745158010736,"2020-04-05 16:00:00+00:00    100000.000000
2020-04-05 17:00:00+00:00    100000.000000
2020-04-05 18:00:00+00:00    100000.000000
2020-04-05 19:00:00+00:00    100000.000000
2020-04-05 20:00:00+00:00    100000.000000
                                 ...      
2021-02-11 23:00:00+00:00    100266.314556
2021-02-12 00:00:00+00:00    100266.314556
2021-02-12 01:00:00+00:00    100266.314556
2021-02-12 02:00:00+00:00    100266.314556
2021-02-12 03:00:00+00:00    100266.314556
Name: returns, Length: 7500, dtype: float64","2020-04-05 16:00:00+00:00    0.0
2020-04-05 17:00:00+00:00    0.0
2020-04-05 18:00:00+00:00    0.0
2020-04-05 19:00:00+00:00   -0.0
2020-04-05 20:00:00+00:00   -0.0
                            ... 
2021-02-11 23:00:00+00:00   -0.0
2021-02-12 00:00:00+00:00    0.0
2021-02-12 01:00:00+00:00   -0.0
2021-02-12 02:00:00+00:00    0.0
2021-02-12 03:00:00+00:00   -0.0
Name: returns, Length: 7500, dtype: float64","2020-04-05 16:00:00+00:00    0.000000
2020-04-05 17:00:00+00:00    0.000000
2020-04-05 18:00:00+00:00    0.000000
2020-04-05 19:00:00+00:00    0.000000
2020-04-05 20:00:00+00:00    0.000000
                               ...   
2021-02-11 23:00:00+00:00   -0.006478
2021-02-12 00:00:00+00:00   -0.006478
2021-02-12 01:00:00+00:00   -0.006478
2021-02-12 02:00:00+00:00   -0.006478
2021-02-12 03:00:00+00:00   -0.006478
Name: returns, Length: 7500, dtype: float64",20,8,1.2,2,0.5,0.3,False,2.2,72,0.22,1.3,0.35,False,2.0,3.0,120,24,False,1.5,12,1.02,0.8,20,0.0005160909253311083,0.13379745158010736,0.00017713453570765035,0.00020620627724045654,-0.53208989846199,3.3895638962345793,0.22479827777307926,5,-1.9010749737093608,33.0,13.0,candidate,15
39,"{'lookback': np.int64(30), 'velocity_lookback': np.int64(6), 'velocity_threshold': np.float64(0.8), 'confirmation_bars': np.int64(1), 'vol_compression_max_pct': np.float64(0.4), 'breakout_strength_atr_mult': np.float64(0.3), 'retest_entry_mode': np.False_, 'trailing_stop_atr_mult': np.float64(2.2), 'max_holding_bars': np.int64(72), 'vol_exit_pct_rank_threshold': np.float64(0.15), 'partial_take_profit_rr': np.float64(0.0), 'partial_take_profit_size': np.float64(0.35), 'winner_extension_enabled': np.True_, 'extension_trigger_atr_multiple': np.float64(2.5), 'extension_stop_multiplier': np.float64(2.4), 'extension_max_holding_bars': np.int64(120), 'min_bars_between_trades': np.int64(30), 'dynamic_cooldown_by_vol': np.False_, 'high_vol_cooldown_mult': np.float64(1.2), 'expansion_lookback': np.int64(12), 'expansion_threshold': np.float64(1.02), 'vol_contraction_exit_mult': np.float64(0.8), 'vol_contraction_window': np.int64(20)}",0.00043264584436619844,0.13890731027034012,-0.015146694645021053,50.0,0.0017521862103353492,15,0.6,0.0014316189376719114,3.3762306540039098,0.8454892824386494,0.015146694645021053,0.12367644420758583,"2020-04-05 16:00:00+00:00    100000.000000
2020-04-05 17:00:00+00:00    100000.000000
2020-04-05 18:00:00+00:00    100000.000000
2020-04-05 19:00:00+00:00    100000.000000
2020-04-05 20:00:00+00:00    100000.000000
                                 ...      
2021-02-11 23:00:00+00:00    100217.330678
2021-02-12 00:00:00+00:00    100217.330678
2021-02-12 01:00:00+00:00    100217.330678
2021-02-12 02:00:00+00:00    100217.330678
2021-02-12 03:00:00+00:00    100217.330678
Name: returns, Length: 7500, dtype: float64","2020-04-05 16:00:00+00:00    0.0
2020-04-05 17:00:00+00:00    0.0
2020-04-05 18:00:00+00:00    0.0
2020-04-05 19:00:00+00:00   -0.0
2020-04-05 20:00:00+00:00   -0.0
                            ... 
2021-02-11 23:00:00+00:00   -0.0
2021-02-12 00:00:00+00:00    0.0
2021-02-12 01:00:00+00:00   -0.0
2021-02-12 02:00:00+00:00    0.0
2021-02-12 03:00:00+00:00   -0.0
Name: returns, Length: 7500, dtype: float64","2020-04-05 16:00:00+00:00    0.000000
2020-04-05 17:00:00+00:00    0.000000
2020-04-05 18:00:00+00:00    0.000000
2020-04-05 19:00:00+00:00    0.000000
2020-04-05 20:00:00+00:00    0.000000
                               ...   
2021-02-11 23:00:00+00:00   -0.012681
2021-02-12 00:00:00+00:00   -0.012681
2021-02-12 01:00:00+00:00   -0.012681
2021-02-12 02:00:00+00:00   -0.012681
2021-02-12 03:00:00+00:00   -0.012681
Name: returns, Length: 7500, dtype: float64",30,6,0.8,1,0.4,0.3,False,2.2,72,0.15,0.0,0.35,True,2.5,2.4,120,30,False,1.2,12,1.02,0.8,20,0.00043264584436619844,0.12367644420758583,0.0004967063569195634,0.0004274582836699676,0.21207149428451846,0.0,1.7611264416708772,5,0.7718814229350706,8.0,17.0,candidate,16
0,"{'lookback': np.int64(18), 'velocity_lookback': np.int64(8), 'velocity_threshold': np.float64(1.2), 'confirmation_bars': np.int64(2), 'vol_compression_max_pct': np.float64(0.4), 'breakout_strength_atr_mult': np.float64(0.4), 'retest_entry_mode': np.False_, 'trailing_stop_atr_mult': np.float64(2.2), 'max_holding_bars': np.int64(48), 'vol_exit_pct_rank_threshold': np.float64(0.15), 'partial_take_profit_rr': np.float64(1.3), 'partial_take_profit_size': np.float64(0.5), 'winner_extension_enabled': np.True_, 'extension_trigger_atr_multiple': np.float64(2.5), 'extension_stop_multiplier': np.float64(3.0), 'extension_max_holding_bars': np.int64(240), 'min_bars_between_trades': np.int64(24), 'dynamic_cooldown_by_vol': np.False_, 'high_vol_cooldown_mult': np.float64(2.0), 'expansion_lookback': np.int64(12), 'expansion_threshold': np.float64(1.02), 'vol_contraction_exit_mult': np.float64(0.8), 'vol_contraction_window': np.int64(20)}",0.00044486855623890564,0.036833225215895264,-0.007068392041137739,10.0,0.00017055045594704943,15,0.26666666666666666,0.0010387866212042726,2.7351107389758313,0.6848164713651621,0.007068392041137739,0.11273351816309624,"2020-04-05 16:00:00+00:00    100000.000000
2020-04-05 17:00:00+00:00    100000.000000
2020-04-05 18:00:00+00:00    100000.000000
2020-04-05 19:00:00+00:00    100000.000000
2020-04-05 20:00:00+00:00    100000.000000
                                 ...      
2021-02-11 23:00:00+00:00    100021.150043
2021-02-12 00:00:00+00:00    100021.150043
2021-02-12 01:00:00+00:00    100021.150043
2021-02-12 02:00:00+00:00    100021.150043
2021-02-12 03:00:00+00:00    100021.150043
Name: returns, Length: 7500, dtype: float64","2020-04-05 16:00:00+00:00    0.0
2020-04-05 17:00:00+00:00    0.0
2020-04-05 18:00:00+00:00    0.0
2020-04-05 19:00:00+00:00   -0.0
2020-04-05 20:00:00+00:00   -0.0
                            ... 
2021-02-11 23:00:00+00:00   -0.0
2021-02-12 00:00:00+00:00    0.0
2021-02-12 01:00:00+00:00   -0.0
2021-02-12 02:00:00+00:00    0.0
2021-02-12 03:00:00+00:00   -0.0
Name: returns, Length: 7500, dtype: float64","2020-04-05 16:00:00+00:00    0.000000
2020-04-05 17:00:00+00:00    0.000000
2020-04-05 18:00:00+00:00    0.000000
2020-04-05 19:00:00+00:00    0.000000
2020-04-05 20:00:00+00:00    0.000000
                               ...   
2021-02-11 23:00:00+00:00   -0.007068
2021-02-12 00:00:00+00:00   -0.007068
2021-02-12 01:00:00+00:00   -0.007068
2021-02-12 02:00:00+00:00   -0.007068
2021-02-12 03:00:00+00:00   -0.007068
Name: returns, Length: 7500, dtype: float64",18,8,1.2,2,0.4,0.4,False,2.2,48,0.15,1.3,0.5,True,2.5,3.0,240,24,False,2.0,12,1.02,0.8,20,0.00044486855623890564,0.11273351816309624,0.00036605401282187734,0.00022411482159938627,0.13756322819559536,0.788145434170283,1.9796789662233765,5,0.3533683800684476,9.0,16.0,candidate,17
19,"{'lookback': np.int64(18), 'velocity_lookback': np.int64(8), 'velocity_threshold': np.float64(1.4), 'confirmation_bars': np.int64(1), 'vol_compression_max_pct': np.float64(0.3), 'breakout_strength_atr_mult': np.float64(0.15), 'retest_entry_mode': np.False_, 'trailing_stop_atr_mult': np.float64(2.2), 'max_holding_bars': np.int64(96), 'vol_exit_pct_rank_threshold': np.float64(0.15), 'partial_take_profit_rr': np.float64(1.3), 'partial_take_profit_size': np.float64(0.25), 'winner_extension_enabled': np.False_, 'extension_trigger_atr_multiple': np.float64(2.0), 'extension_stop_multiplier': np.float64(3.0), 'extension_max_holding_bars': np.int64(240), 'min_bars_between_trades': np.int64(20), 'dynamic_cooldown_by_vol': np.False_, 'high_vol_cooldown_mult': np.float64(1.2), 'expansion_lookback': np.int64(12), 'expansion_threshold': np.float64(1.02), 'vol_contraction_exit_mult': np.float64(0.8), 'vol_contraction_window': np.int64(20)}",0.0004096044658068346,-0.008046605313413648,-0.008754335498786125,58.0,-0.00012869149831729043,15,0.6,0.0013086500281777958,3.5575937003792073,0.8907070751229796,0.008754335498786125,0.03485523787577982,"2020-04-05 16:00:00+00:00    100000.000000
2020-04-05 17:00:00+00:00    100000.000000
2020-04-05 18:00:00+00:00    100000.000000
2020-04-05 19:00:00+00:00    100000.000000
2020-04-05 20:00:00+00:00    100000.000000
                                 ...      
2021-02-11 23:00:00+00:00     99984.041479
2021-02-12 00:00:00+00:00     99984.041479
2021-02-12 01:00:00+00:00     99984.041479
2021-02-12 02:00:00+00:00     99984.041479
2021-02-12 03:00:00+00:00     99984.041479
Name: returns, Length: 7500, dtype: float64","2020-04-05 16:00:00+00:00    0.0
2020-04-05 17:00:00+00:00    0.0
2020-04-05 18:00:00+00:00    0.0
2020-04-05 19:00:00+00:00   -0.0
2020-04-05 20:00:00+00:00   -0.0
                            ... 
2021-02-11 23:00:00+00:00   -0.0
2021-02-12 00:00:00+00:00    0.0
2021-02-12 01:00:00+00:00   -0.0
2021-02-12 02:00:00+00:00    0.0
2021-02-12 03:00:00+00:00   -0.0
Name: returns, Length: 7500, dtype: float64","2020-04-05 16:00:00+00:00    0.000000
2020-04-05 17:00:00+00:00    0.000000
2020-04-05 18:00:00+00:00    0.000000
2020-04-05 19:00:00+00:00    0.000000
2020-04-05 20:00:00+00:00    0.000000
                               ...   
2021-02-11 23:00:00+00:00   -0.008754
2021-02-12 00:00:00+00:00   -0.008754
2021-02-12 01:00:00+00:00   -0.008754
2021-02-12 02:00:00+00:00   -0.008754
2021-02-12 03:00:00+00:00   -0.008754
Name: returns, Length: 7500, dtype: float64",18,8,1.4,1,0.3,0.15,False,2.2,96,0.15,1.3,0.25,False,2.0,3.0,240,20,False,1.2,12,1.02,0.8,20,0.0004096044658068346,0.03485523787577982,0.00030126777985892844,0.00017637113483956623,-0.28843414803803175,1.0833668594790618,1.6898942872925378,5,-0.06696699946497375,16.0,18.0,candidate,18
34,"{'lookback': np.int64(24), 'velocity_lookback': np.int64(4), 'velocity_threshold': np.float64(1.4), 'confirmation_bars': np.int64(3), 'vol_compression_max_pct': np.float64(0.3), 'breakout_strength_atr_mult': np.float64(0.4), 'retest_entry_mode': np.False_, 'trailing_stop_atr_mult': np.float64(1.8), 'max_holding_bars': np.int64(72), 'vol_exit_pct_rank_threshold': np.float64(0.3), 'partial_take_profit_rr': np.float64(1.6), 'partial_take_profit_size': np.float64(0.5), 'winner_extension_enabled': np.True_, 'extension_trigger_atr_multiple': np.float64(2.5), 'extension_stop_multiplier': np.float64(1.8), 'extension_max_holding_bars': np.int64(120), 'min_bars_between_trades': np.int64(30), 'dynamic_cooldown_by_vol': np.True_, 'high_vol_cooldown_mult': np.float64(1.2), 'expansion_lookback': np.int64(12), 'expansion_threshold': np.float64(1.02), 'vol_contraction_exit_mult': np.float64(0.8), 'vol_contraction_window': np.int64(20)}",0.0,0.0,0.0,0.0,0.0,15,0.0,0.0,0.0,0.0,0.0,0.0,"2020-04-05 16:00:00+00:00    100000.0
2020-04-05 17:00:00+00:00    100000.0
2020-04-05 18:00:00+00:00    100000.0
2020-04-05 19:00:00+00:00    100000.0
2020-04-05 20:00:00+00:00    100000.0
                               ...   
2021-02-11 23:00:00+00:00    100000.0
2021-02-12 00:00:00+00:00    100000.0
2021-02-12 01:00:00+00:00    100000.0
2021-02-12 02:00:00+00:00    100000.0
2021-02-12 03:00:00+00:00    100000.0
Name: returns, Length: 7500, dtype: float64","2020-04-05 16:00:00+00:00    0.0
2020-04-05 17:00:00+00:00    0.0
2020-04-05 18:00:00+00:00    0.0
2020-04-05 19:00:00+00:00   -0.0
2020-04-05 20:00:00+00:00   -0.0
                            ... 
2021-02-11 23:00:00+00:00   -0.0
2021-02-12 00:00:00+00:00    0.0
2021-02-12 01:00:00+00:00   -0.0
2021-02-12 02:00:00+00:00    0.0
2021-02-12 03:00:00+00:00   -0.0
Name: returns, Length: 7500, dtype: float64","2020-04-05 16:00:00+00:00    0.0
2020-04-05 17:00:00+00:00    0.0
2020-04-05 18:00:00+00:00    0.0
2020-04-05 19:00:00+00:00    0.0
2020-04-05 20:00:00+00:00    0.0
                            ... 
2021-02-11 23:00:00+00:00    0.0
2021-02-12 00:00:00+00:00    0.0
2021-02-12 01:00:00+00:00    0.0
2021-02-12 02:00:00+00:00    0.0
2021-02-12 03:00:00+00:00    0.0
Name: returns, Length: 7500, dtype: float64",24,4,1.4,3,0.3,0.4,False,1.8,72,0.3,1.6,0.5,True,2.5,1.8,120,30,True,1.2,12,1.02,0.8,20,0.0,0.0,0.0003973341282765226,0.0006824256628076229,-0.05643438651764363,0.0,-1.1448511882919457,5,-0.4091630738798275,20.0,32.0,candidate,19
38,"{'lookback': np.int64(18), 'velocity_lookback': np.int64(6), 'velocity_threshold': np.float64(1.4), 'confirmation_bars': np.int64(3), 'vol_compression_max_pct': np.float64(0.4), 'breakout_strength_atr_mult': np.float64(0.4), 'retest_entry_mode': np.True_, 'trailing_stop_atr_mult': np.float64(1.8), 'max_holding_bars': np.int64(48), 'vol_exit_pct_rank_threshold': np.float64(0.22), 'partial_take_profit_rr': np.float64(1.3), 'partial_take_profit_size': np.float64(0.5), 'winner_extension_enabled': np.False_, 'extension_trigger_atr_multiple': np.float64(2.5), 'extension_stop_multiplier': np.float64(3.0), 'extension_max_holding_bars': np.int64(240), 'min_bars_between_trades': np.int64(24), 'dynamic_cooldown_by_vol': np.False_, 'high_vol_cooldown_mult': np.float64(1.2), 'expansion_lookback': np.int64(12), 'expansion_threshold': np.float64(1.1), 'vol_contraction_exit_mult': np.float64(0.8), 'vol_contraction_window': np.int64(20)}",0.0,0.0,0.0,0.0,0.0,15,0.0,0.0,0.0,0.0,0.0,0.0,"2020-04-05 16:00:00+00:00    100000.0
2020-04-05 17:00:00+00:00    100000.0
2020-04-05 18:00:00+00:00    100000.0
2020-04-05 19:00:00+00:00    100000.0
2020-04-05 20:00:00+00:00    100000.0
                               ...   
2021-02-11 23:00:00+00:00    100000.0
2021-02-12 00:00:00+00:00    100000.0
2021-02-12 01:00:00+00:00    100000.0
2021-02-12 02:00:00+00:00    100000.0
2021-02-12 03:00:00+00:00    100000.0
Name: returns, Length: 7500, dtype: float64","2020-04-05 16:00:00+00:00    0.0
2020-04-05 17:00:00+00:00    0.0
2020-04-05 18:00:00+00:00    0.0
2020-04-05 19:00:00+00:00   -0.0
2020-04-05 20:00:00+00:00   -0.0
                            ... 
2021-02-11 23:00:00+00:00   -0.0
2021-02-12 00:00:00+00:00    0.0
2021-02-12 01:00:00+00:00   -0.0
2021-02-12 02:00:00+00:00    0.0
2021-02-12 03:00:00+00:00   -0.0
Name: returns, Length: 7500, dtype: float64","2020-04-05 16:00:00+00:00    0.0
2020-04-05 17:00:00+00:00    0.0
2020-04-05 18:00:00+00:00    0.0
2020-04-05 19:00:00+00:00    0.0
2020-04-05 20:00:00+00:00    0.0
                            ... 
2021-02-11 23:00:00+00:00    0.0
2021-02-12 00:00:00+00:00    0.0
2021-02-12 01:00:00+00:00    0.0
2021-02-12 02:00:00+00:00    0.0
2021-02-12 03:00:00+00:00    0.0
Name: returns, Length: 7500, dtype: float64",18,6,1.4,3,0.4,0.4,True,1.8,48,0.22,1.3,0.5,False,2.5,3.0,240,24,False,1.2,12,1.1,0.8,20,0.0,0.0,0.0003101313103081793,0.00037393092474877465,-0.04570617772697583,0.0,0.2968311674659829,5,0.09703498195404765,12.0,32.0,candidate,20
11,"{'lookback': np.int64(18), 'velocity_lookback': np.int64(6), 'velocity_threshold': np.float64(1.2), 'confirmation_bars': np.int64(1), 'vol_compression_max_pct': np.float64(0.5), 'breakout_strength_atr_mult': np.float64(0.22), 'retest_entry_mode': np.True_, 'trailing_stop_atr_mult': np.float64(1.8), 'max_holding_bars': np.int64(72), 'vol_exit_pct_rank_threshold': np.float64(0.15), 'partial_take_profit_rr': np.float64(1.0), 'partial_take_profit_size': np.float64(0.5), 'winner_extension_enabled': np.False_, 'extension_trigger_atr_multiple': np.float64(2.5), 'extension_stop_multiplier': np.float64(2.4), 'extension_max_holding_bars': np.int64(240), 'min_bars_between_trades': np.int64(24), 'dynamic_cooldown_by_vol': np.False_, 'high_vol_cooldown_mult': np.float64(1.2), 'expansion_lookback': np.int64(12), 'expansion_threshold': np.float64(1.1), 'vol_contraction_exit_mult': np.float64(0.8), 'vol_contraction_window': np.int64(20)}",0.00039049168942315374,-0.3299270320766944,-0.013627117720058202,73.0,-0.0035497514310057765,15,0.6666666666666666,0.0005236255746060028,3.033483513983702,0.7588945040705316,0.013627117720058202,-0.007573709686124697,"2020-04-05 16:00:00+00:00    100000.000000
2020-04-05 17:00:00+00:00    100000.000000
2020-04-05 18:00:00+00:00    100000.000000
2020-04-05 19:00:00+00:00    100000.000000
2020-04-05 20:00:00+00:00    100000.000000
                                 ...      
2021-02-11 23:00:00+00:00     99559.990392
2021-02-12 00:00:00+00:00     99559.990392
2021-02-12 01:00:00+00:00     99559.990392
2021-02-12 02:00:00+00:00     99559.990392
2021-02-12 03:00:00+00:00     99559.990392
Name: returns, Length: 7500, dtype: float64","2020-04-05 16:00:00+00:00    0.0
2020-04-05 17:00:00+00:00    0.0
2020-04-05 18:00:00+00:00    0.0
2020-04-05 19:00:00+00:00   -0.0
2020-04-05 20:00:00+00:00   -0.0
                            ... 
2021-02-11 23:00:00+00:00   -0.0
2021-02-12 00:00:00+00:00    0.0
2021-02-12 01:00:00+00:00   -0.0
2021-02-12 02:00:00+00:00    0.0
2021-02-12 03:00:00+00:00   -0.0
Name: returns, Length: 7500, dtype: float64","2020-04-05 16:00:00+00:00    0.000000
2020-04-05 17:00:00+00:00    0.000000
2020-04-05 18:00:00+00:00    0.000000
2020-04-05 19:00:00+00:00    0.000000
2020-04-05 20:00:00+00:00    0.000000
                               ...   
2021-02-11 23:00:00+00:00   -0.013158
2021-02-12 00:00:00+00:00   -0.013158
2021-02-12 01:00:00+00:00   -0.013158
2021-02-12 02:00:00+00:00   -0.013158
2021-02-12 03:00:00+00:00   -0.013158
Name: returns, Length: 7500, dtype: float64",18,6,1.2,1,0.5,0.22,True,1.8,72,0.15,1.0,0.5,False,2.5,2.4,240,24,False,1.2,12,1.1,0.8,20,0.00039049168942315374,-0.007573709686124697,0.0003974239963621935,0.00022769831840789727,0.1928698471661198,0.0,2.2665025755627055,5,0.8146326688357401,6.0,20.0,candidate,21
31,"{'lookback': np.int64(20), 'velocity_lookback': np.int64(6), 'velocity_threshold': np.float64(0.8), 'confirmation_bars': np.int64(2), 'vol_compression_max_pct': np.float64(0.4), 'breakout_strength_atr_mult': np.float64(0.15), 'retest_entry_mode': np.False_, 'trailing_stop_atr_mult': np.float64(1.8), 'max_holding_bars': np.int64(72), 'vol_exit_pct_rank_threshold': np.float64(0.22), 'partial_take_profit_rr': np.float64(1.3), 'partial_take_profit_size': np.float64(0.25), 'winner_extension_enabled': np.False_, 'extension_trigger_atr_multiple': np.float64(2.0), 'extension_stop_multiplier': np.float64(1.8), 'extension_max_holding_bars': np.int64(240), 'min_bars_between_trades': np.int64(20), 'dynamic_cooldown_by_vol': np.False_, 'high_vol_cooldown_mult': np.float64(2.0), 'expansion_lookback': np.int64(12), 'expansion_threshold': np.float64(1.1), 'vol_contraction_exit_mult': np.float64(0.8), 'vol_contraction_window': np.int64(20)}",0.00040107403430727747,-0.11729992394448842,-0.010152698774625324,38.0,-0.0009376546862236435,15,0.4666666666666667,0.0009460368355389621,3.29238763853094,0.8240429464682739,0.010152698774625324,-0.014712104503508516,"2020-04-05 16:00:00+00:00    100000.000000
2020-04-05 17:00:00+00:00    100000.000000
2020-04-05 18:00:00+00:00    100000.000000
2020-04-05 19:00:00+00:00    100000.000000
2020-04-05 20:00:00+00:00    100000.000000
                                 ...      
2021-02-11 23:00:00+00:00     99883.736468
2021-02-12 00:00:00+00:00     99883.736468
2021-02-12 01:00:00+00:00     99883.736468
2021-02-12 02:00:00+00:00     99883.736468
2021-02-12 03:00:00+00:00     99883.736468
Name: returns, Length: 7500, dtype: float64","2020-04-05 16:00:00+00:00    0.0
2020-04-05 17:00:00+00:00    0.0
2020-04-05 18:00:00+00:00    0.0
2020-04-05 19:00:00+00:00   -0.0
2020-04-05 20:00:00+00:00   -0.0
                            ... 
2021-02-11 23:00:00+00:00   -0.0
2021-02-12 00:00:00+00:00    0.0
2021-02-12 01:00:00+00:00   -0.0
2021-02-12 02:00:00+00:00    0.0
2021-02-12 03:00:00+00:00   -0.0
Name: returns, Length: 7500, dtype: float64","2020-04-05 16:00:00+00:00    0.000000
2020-04-05 17:00:00+00:00    0.000000
2020-04-05 18:00:00+00:00    0.000000
2020-04-05 19:00:00+00:00    0.000000
2020-04-05 20:00:00+00:00    0.000000
                               ...   
2021-02-11 23:00:00+00:00   -0.010153
2021-02-12 00:00:00+00:00   -0.010153
2021-02-12 01:00:00+00:00   -0.010153
2021-02-12 02:00:00+00:00   -0.010153
2021-02-12 03:00:00+00:00   -0.010153
Name: returns, Length: 7500, dtype: float64",20,6,0.8,2,0.4,0.15,False,1.8,72,0.22,1.3,0.25,False,2.0,1.8,240,20,False,2.0,12,1.1,0.8,20,0.00040107403430727747,-0.014712104503508516,0.00030897122911297865,0.000525641310911899,0.017618800247042942,0.9210280519429882,-0.8525975407094557,5,-0.8630952548805544,25.0,19.0,candidate,22
28,"{'lookback': np.int64(24), 'velocity_lookback': np.int64(4), 'velocity_threshold': np.float64(1.0), 'confirmation_bars': np.int64(1), 'vol_compression_max_pct': np.float64(0.5), 'breakout_strength_atr_mult': np.float64(0.15), 'retest_entry_mode': np.False_, 'trailing_stop_atr_mult': np.float64(1.4), 'max_holding_bars': np.int64(72), 'vol_exit_pct_rank_threshold': np.float64(0.22), 'partial_take_profit_rr': np.float64(1.6), 'partial_take_profit_size': np.float64(0.35), 'winner_extension_enabled': np.False_, 'extension_trigger_atr_multiple': np.float64(1.8), 'extension_stop_multiplier': np.float64(1.8), 'extension_max_holding_bars': np.int64(160), 'min_bars_between_trades': np.int64(30), 'dynamic_cooldown_by_vol': np.True_, 'high_vol_cooldown_mult': np.float64(2.0), 'expansion_lookback': np.int64(12), 'expansion_threshold': np.float64(1.02), 'vol_contraction_exit_mult': np.float64(0.8), 'vol_contraction_window': np.int64(20)}",0.00031356224719166056,-0.5650407990646401,-0.01937824069783145,80.0,-0.005463037302675722,15,0.6666666666666666,0.0004436749507900392,3.0726169533170355,0.7685979132800489,0.01937824069783145,-0.1841172618446557,"2020-04-05 16:00:00+00:00    100000.000000
2020-04-05 17:00:00+00:00    100000.000000
2020-04-05 18:00:00+00:00    100000.000000
2020-04-05 19:00:00+00:00    100000.000000
2020-04-05 20:00:00+00:00    100000.000000
                                 ...      
2021-02-11 23:00:00+00:00     99322.984899
2021-02-12 00:00:00+00:00     99322.984899
2021-02-12 01:00:00+00:00     99322.984899
2021-02-12 02:00:00+00:00     99322.984899
2021-02-12 03:00:00+00:00     99322.984899
Name: returns, Length: 7500, dtype: float64","2020-04-05 16:00:00+00:00    0.0
2020-04-05 17:00:00+00:00    0.0
2020-04-05 18:00:00+00:00    0.0
2020-04-05 19:00:00+00:00   -0.0
2020-04-05 20:00:00+00:00   -0.0
                            ... 
2021-02-11 23:00:00+00:00   -0.0
2021-02-12 00:00:00+00:00    0.0
2021-02-12 01:00:00+00:00   -0.0
2021-02-12 02:00:00+00:00    0.0
2021-02-12 03:00:00+00:00   -0.0
Name: returns, Length: 7500, dtype: float64","2020-04-05 16:00:00+00:00    0.000000
2020-04-05 17:00:00+00:00    0.000000
2020-04-05 18:00:00+00:00    0.000000
2020-04-05 19:00:00+00:00    0.000000
2020-04-05 20:00:00+00:00    0.000000
                               ...   
2021-02-11 23:00:00+00:00   -0.019378
2021-02-12 00:00:00+00:00   -0.019378
2021-02-12 01:00:00+00:00   -0.019378
2021-02-12 02:00:00+00:00   -0.019378
2021-02-12 03:00:00+00:00   -0.019378
Name: returns, Length: 7500, dtype: float64",24,4,1.0,1,0.5,0.15,False,1.4,72,0.22,1.6,0.35,False,1.8,1.8,160,30,True,2.0,12,1.02,0.8,20,0.00031356224719166056,-0.1841172618446557,0.0008624134615837001,0.0005243686793201006,0.7396081562324319,0.0,4.691369520936246,5,1.5688032939178953,3.0,21.0,candidate,23
35,"{'lookback': np.int64(24), 'velocity_lookback': np.int64(6), 'velocity_threshold': np.float64(0.8), 'confirmation_bars': np.int64(1), 'vol_compression_max_pct': np.float64(0.3), 'breakout_strength_atr_mult': np.float64(0.3), 'retest_entry_mode': np.False_, 'trailing_stop_atr_mult': np.float64(1.8), 'max_holding_bars': np.int64(72), 'vol_exit_pct_rank_threshold': np.float64(0.22), 'partial_take_profit_rr': np.float64(1.3), 'partial_take_profit_size': np.float64(0.35), 'winner_extension_enabled': np.True_, 'extension_trigger_atr_multiple': np.float64(2.5), 'extension_stop_multiplier': np.float64(3.0), 'extension_max_holding_bars': np.int64(240), 'min_bars_between_trades': np.int64(24), 'dynamic_cooldown_by_vol': np.False_, 'high_vol_cooldown_mult': np.float64(1.2), 'expansion_lookback': np.int64(12), 'expansion_threshold': np.float64(1.1), 'vol_contraction_exit_mult': np.float64(0.8), 'vol_contraction_window': np.int64(20)}",0.00023437420411634514,-0.06199001764232791,-0.010494902313876064,40.0,-0.00048551484243808396,15,0.4666666666666667,0.0006467895274414319,3.438530426303501,0.8602793961033167,0.010494902313876064,-0.1844797443482118,"2020-04-05 16:00:00+00:00    100000.000000
2020-04-05 17:00:00+00:00    100000.000000
2020-04-05 18:00:00+00:00    100000.000000
2020-04-05 19:00:00+00:00    100000.000000
2020-04-05 20:00:00+00:00    100000.000000
                                 ...      
2021-02-11 23:00:00+00:00     99939.795816
2021-02-12 00:00:00+00:00     99939.795816
2021-02-12 01:00:00+00:00     99939.795816
2021-02-12 02:00:00+00:00     99939.795816
2021-02-12 03:00:00+00:00     99939.795816
Name: returns, Length: 7500, dtype: float64","2020-04-05 16:00:00+00:00    0.0
2020-04-05 17:00:00+00:00    0.0
2020-04-05 18:00:00+00:00    0.0
2020-04-05 19:00:00+00:00   -0.0
2020-04-05 20:00:00+00:00   -0.0
                            ... 
2021-02-11 23:00:00+00:00   -0.0
2021-02-12 00:00:00+00:00    0.0
2021-02-12 01:00:00+00:00   -0.0
2021-02-12 02:00:00+00:00    0.0
2021-02-12 03:00:00+00:00   -0.0
Name: returns, Length: 7500, dtype: float64","2020-04-05 16:00:00+00:00    0.000000
2020-04-05 17:00:00+00:00    0.000000
2020-04-05 18:00:00+00:00    0.000000
2020-04-05 19:00:00+00:00    0.000000
2020-04-05 20:00:00+00:00    0.000000
                               ...   
2021-02-11 23:00:00+00:00   -0.010134
2021-02-12 00:00:00+00:00   -0.010134
2021-02-12 01:00:00+00:00   -0.010134
2021-02-12 02:00:00+00:00   -0.010134
2021-02-12 03:00:00+00:00   -0.010134
Name: returns, Length: 7500, dtype: float64",24,6,0.8,1,0.3,0.3,False,1.8,72,0.22,1.3,0.35,True,2.5,3.0,240,24,False,1.2,12,1.1,0.8,20,0.00023437420411634514,-0.1844797443482118,0.00040506540323442374,0.00046456951783476624,-0.10651310151740286,0.0,0.5663826485834904,5,-0.0022227825716005928,15.0,24.0,candidate,24
21,"{'lookback': np.int64(30), 'velocity_lookback': np.int64(8), 'velocity_threshold': np.float64(1.4), 'confirmation_bars': np.int64(2), 'vol_compression_max_pct': np.float64(0.4), 'breakout_strength_atr_mult': np.float64(0.15), 'retest_entry_mode': np.True_, 'trailing_stop_atr_mult': np.float64(2.2), 'max_holding_bars': np.int64(48), 'vol_exit_pct_rank_threshold': np.float64(0.3), 'partial_take_profit_rr': np.float64(0.0), 'partial_take_profit_size': np.float64(0.5), 'winner_extension_enabled': np.True_, 'extension_trigger_atr_multiple': np.float64(1.8), 'extension_stop_multiplier': np.float64(2.4), 'extension_max_holding_bars': np.int64(120), 'min_bars_between_trades': np.int64(24), 'dynamic_cooldown_by_vol': np.True_, 'high_vol_cooldown_mult': np.float64(1.2), 'expansion_lookback': np.int64(12), 'expansion_threshold': np.float64(1.02), 'vol_contraction_exit_mult': np.float64(0.8), 'vol_contraction_window': np.int64(20)}",0.00026712719594986775,-0.2053188882094458,-0.00898829343928187,33.0,-0.0014243392278918687,15,0.4,0.0006313683957445797,3.693779772929337,0.9240763116280789,0.00898829343928187,-0.2571567887788494,"2020-04-05 16:00:00+00:00    100000.000000
2020-04-05 17:00:00+00:00    100000.000000
2020-04-05 18:00:00+00:00    100000.000000
2020-04-05 19:00:00+00:00    100000.000000
2020-04-05 20:00:00+00:00    100000.000000
                                 ...      
2021-02-11 23:00:00+00:00     99823.400842
2021-02-12 00:00:00+00:00     99823.400842
2021-02-12 01:00:00+00:00     99823.400842
2021-02-12 02:00:00+00:00     99823.400842
2021-02-12 03:00:00+00:00     99823.400842
Name: returns, Length: 7500, dtype: float64","2020-04-05 16:00:00+00:00    0.0
2020-04-05 17:00:00+00:00    0.0
2020-04-05 18:00:00+00:00    0.0
2020-04-05 19:00:00+00:00   -0.0
2020-04-05 20:00:00+00:00   -0.0
                            ... 
2021-02-11 23:00:00+00:00   -0.0
2021-02-12 00:00:00+00:00    0.0
2021-02-12 01:00:00+00:00   -0.0
2021-02-12 02:00:00+00:00    0.0
2021-02-12 03:00:00+00:00   -0.0
Name: returns, Length: 7500, dtype: float64","2020-04-05 16:00:00+00:00    0.000000
2020-04-05 17:00:00+00:00    0.000000
2020-04-05 18:00:00+00:00    0.000000
2020-04-05 19:00:00+00:00    0.000000
2020-04-05 20:00:00+00:00    0.000000
                               ...   
2021-02-11 23:00:00+00:00   -0.007223
2021-02-12 00:00:00+00:00   -0.007223
2021-02-12 01:00:00+00:00   -0.007223
2021-02-12 02:00:00+00:00   -0.007223
2021-02-12 03:00:00+00:00   -0.007223
Name: returns, Length: 7500, dtype: float64",30,8,1.4,2,0.4,0.15,True,2.2,48,0.3,0.0,0.5,True,1.8,2.4,120,24,True,1.2,12,1.02,0.8,20,0.00026712719594986775,-0.2571567887788494,-3.775783557043163e-05,0.00011832988531903069,-0.8819866900859928,3.0488503152029938,-1.2650524955970464,5,-2.6615333548725104,35.0,23.0,candidate,25
